window_duration,packet_count,byte_count,src_packet_count,dst_packet_count,src_byte_count,dst_byte_count,packet_size_mean,packet_size_std,packet_size_min,packet_size_max,iat_mean,iat_std,iat_cv,packet_rate,byte_rate,syn_ratio,fin_ratio,rst_ratio,udp_ratio,tcp_ratio,icmp_ratio,directionality,fan_in,fan_out,dns_entropy,tls_sni_entropy,host_connections_5m,host_unique_dests_5m,host_unique_ports_5m,host_dns_queries_5m,host_tls_connections_5m,host_bytes_out_5m,host_bytes_in_5m,label,_pcap
4.0,5,319,5,0,319,0,63.8,6.64529909033446,56.0,74.0,1000.0,0.0,0.0,1.25,79.75,0.0,0.0,0.0,1.0,0.0,0.0,1.0,1,1,0.0,0.0,0,0,0,0,0,0,0,BENIGN,benign_dns.pcap
4.95,300,13600,300,0,13600,0,45.333333333333314,2.1316282072803006e-14,45.333333333333336,45.333333333333336,50.0,0.0,0.0,60.6060606060606,2747.4747474747473,1.0,0.0,0.0,0.0,1.0,0.0,1.0,1,100,0.0,0.0,0,0,0,0,0,0,0,BENIGN,benign_web.pcap
8.0,5,535,5,0,535,0,107.0,0.0,107.0,107.0,2000.0,0.0,0.0,0.625,66.875,0.0,0.0,0.0,1.0,0.0,0.0,1.0,1,1,0.0,0.0,0,0,0,0,0,0,0,ATTACK,dns_tunnel.pcap
8.0,5,535,5,0,535,0,107.0,0.0,107.0,107.0,2000.0,0.0,0.0,0.625,66.875,0.0,0.0,0.0,1.0,0.0,0.0,1.0,1,1,0.0,0.0,0,0,0,0,0,0,0,ATTACK,dns_tunnel.pcap
8.0,5,535,5,0,535,0,107.0,0.0,107.0,107.0,2000.0,0.0,0.0,0.625,66.875,0.0,0.0,0.0,1.0,0.0,0.0,1.0,1,1,0.0,0.0,0,0,0,0,0,0,0,ATTACK,dns_tunnel.pcap
8.0,5,535,5,0,535,0,107.0,0.0,107.0,107.0,2000.0,0.0,0.0,0.625,66.875,0.0,0.0,0.0,1.0,0.0,0.0,1.0,1,1,0.0,0.0,0,0,0,0,0,0,0,ATTACK,dns_tunnel.pcap
8.0,5,535,5,0,535,0,107.0,0.0,107.0,107.0,2000.0,0.0,0.0,0.625,66.875,0.0,0.0,0.0,1.0,0.0,0.0,1.0,1,1,0.0,0.0,0,0,0,0,0,0,0,ATTACK,dns_tunnel.pcap
1.0,50,2000,50,0,2000,0,40.0,0.0,40.0,40.0,10.0,0.0,0.0,50.0,2000.0,1.0,0.0,0.0,0.0,1.0,0.0,1.0,1,1,0.0,0.0,0,0,0,0,0,0,0,ATTACK,real_port_scan.pcap
1.0,999,39960,999,0,39960,0,40.0,0.0,40.0,40.0,1.0,0.0,0.0,999.0,39960.0,1.0,0.0,0.0,0.0,1.0,0.0,1.0,255,1,0.0,0.0,0,0,0,0,0,0,0,ATTACK,syn_flood.pcap
